{"cameraMode":{"drawMode":0,"name":"Shaded","section":"Shading Mode"},"sceneLighting":true,"audioPlay":false,"sceneViewState":{"m_AlwaysRefresh":false,"showFog":true,"showSkybox":true,"showFlares":true,"showImageEffects":true,"showParticleSystems":true,"showVisualEffectGraphs":true,"m_FxEnabled":true},"in2DMode":false,"pivot":{"x":-1.4596521854400635,"y":1.719321370124817,"z":-1.5195825099945069},"rotation":{"x":-0.14665471017360688,"y":0.040640514343976977,"z":-0.006031309254467487,"w":-0.9883435368537903},"size":1.1778597831726075,"orthographic":false}